jk,umur,L,M,S
laki-laki,0,1.0,49.8842,0.03795
laki-laki,1,1.0,54.7244,0.03557
laki-laki,2,1.0,58.4249,0.03424
laki-laki,3,1.0,61.4292,0.03328
laki-laki,4,1.0,63.886,0.03257
laki-laki,5,1.0,65.9026,0.03204
laki-laki,6,1.0,67.6236,0.03165
laki-laki,7,1.0,69.1645,0.03139
laki-laki,8,1.0,70.5994,0.03124
laki-laki,9,1.0,71.9687,0.03117
laki-laki,10,1.0,73.2812,0.03118
laki-laki,11,1.0,74.5388,0.03125
laki-laki,12,1.0,75.7488,0.03137
laki-laki,13,1.0,76.9186,0.03154
laki-laki,14,1.0,78.0497,0.03174
laki-laki,15,1.0,79.1458,0.03197
laki-laki,16,1.0,80.2113,0.03222
laki-laki,17,1.0,81.2487,0.0325
laki-laki,18,1.0,82.2587,0.03279
laki-laki,19,1.0,83.2418,0.0331
laki-laki,20,1.0,84.1996,0.03342
laki-laki,21,1.0,85.1348,0.03376
laki-laki,22,1.0,86.0477,0.0341
laki-laki,23,1.0,86.941,0.03445
laki-laki,24,1.0,87.1161,0.03507
laki-laki,25,1.0,87.972,0.03542
laki-laki,26,1.0,88.8065,0.03576
laki-laki,27,1.0,89.6197,0.0361
laki-laki,28,1.0,90.412,0.03642
laki-laki,29,1.0,91.1828,0.03674
laki-laki,30,1.0,91.9327,0.03704
laki-laki,31,1.0,92.6631,0.03733
laki-laki,32,1.0,93.3753,0.03761
laki-laki,33,1.0,94.0711,0.03787
laki-laki,34,1.0,94.7532,0.03812
laki-laki,35,1.0,95.4236,0.03836
laki-laki,36,1.0,96.0835,0.03858
laki-laki,37,1.0,96.7337,0.03879
laki-laki,38,1.0,97.3749,0.039
laki-laki,39,1.0,98.0073,0.03919
laki-laki,40,1.0,98.631,0.03937
laki-laki,41,1.0,99.2459,0.03954
laki-laki,42,1.0,99.8515,0.03971
laki-laki,43,1.0,100.4485,0.03986
laki-laki,44,1.0,101.0374,0.04002
laki-laki,45,1.0,101.6186,0.04016
laki-laki,46,1.0,102.1933,0.04031
laki-laki,47,1.0,102.7625,0.04045
laki-laki,48,1.0,103.3273,0.04059
laki-laki,49,1.0,103.8886,0.04073
laki-laki,50,1.0,104.4473,0.04086
laki-laki,51,1.0,105.0041,0.041
laki-laki,52,1.0,105.5596,0.04113
laki-laki,53,1.0,106.1138,0.04126
laki-laki,54,1.0,106.6668,0.04139
laki-laki,55,1.0,107.2188,0.04152
laki-laki,56,1.0,107.7697,0.04165
laki-laki,57,1.0,108.3198,0.04177
laki-laki,58,1.0,108.8689,0.0419
laki-laki,59,1.0,109.417,0.04202
laki-laki,60,1.0,109.9638,0.04214
perempuan,0,1.0,49.1477,0.0379
perempuan,1,1.0,53.6872,0.0364
perempuan,2,1.0,57.0673,0.03568
perempuan,3,1.0,59.8029,0.0352
perempuan,4,1.0,62.0899,0.03486
perempuan,5,1.0,64.0301,0.03463
perempuan,6,1.0,65.7311,0.03448
perempuan,7,1.0,67.2873,0.03441
perempuan,8,1.0,68.7498,0.0344
perempuan,9,1.0,70.1435,0.03444
perempuan,10,1.0,71.4818,0.03452
perempuan,11,1.0,72.771,0.03464
perempuan,12,1.0,74.015,0.03479
perempuan,13,1.0,75.2176,0.03496
perempuan,14,1.0,76.3817,0.03514
perempuan,15,1.0,77.5099,0.03534
perempuan,16,1.0,78.6055,0.03555
perempuan,17,1.0,79.671,0.03576
perempuan,18,1.0,80.7079,0.03598
perempuan,19,1.0,81.7182,0.0362
perempuan,20,1.0,82.7036,0.03643
perempuan,21,1.0,83.6654,0.03666
perempuan,22,1.0,84.604,0.03688
perempuan,23,1.0,85.5202,0.03711
perempuan,24,1.0,85.7153,0.03764
perempuan,25,1.0,86.5904,0.03786
perempuan,26,1.0,87.4462,0.03808
perempuan,27,1.0,88.283,0.0383
perempuan,28,1.0,89.1004,0.03851
perempuan,29,1.0,89.8991,0.03872
perempuan,30,1.0,90.6797,0.03893
perempuan,31,1.0,91.443,0.03913
perempuan,32,1.0,92.1906,0.03933
perempuan,33,1.0,92.9239,0.03952
perempuan,34,1.0,93.6444,0.03971
perempuan,35,1.0,94.3533,0.03989
perempuan,36,1.0,95.0515,0.04006
perempuan,37,1.0,95.7399,0.04024
perempuan,38,1.0,96.4187,0.04041
perempuan,39,1.0,97.0885,0.04057
perempuan,40,1.0,97.7493,0.04073
perempuan,41,1.0,98.4015,0.04089
perempuan,42,1.0,99.0448,0.04105
perempuan,43,1.0,99.6795,0.0412
perempuan,44,1.0,100.3058,0.04135
perempuan,45,1.0,100.9238,0.0415
perempuan,46,1.0,101.5337,0.04164
perempuan,47,1.0,102.136,0.04179
perempuan,48,1.0,102.7312,0.04193
perempuan,49,1.0,103.3197,0.04206
perempuan,50,1.0,103.9021,0.0422
perempuan,51,1.0,104.4786,0.04233
perempuan,52,1.0,105.0494,0.04246
perempuan,53,1.0,105.6148,0.04259
perempuan,54,1.0,106.1748,0.04272
perempuan,55,1.0,106.7295,0.04285
perempuan,56,1.0,107.2788,0.04298
perempuan,57,1.0,107.8227,0.0431
perempuan,58,1.0,108.3613,0.04322
perempuan,59,1.0,108.8948,0.04334
perempuan,60,1.0,109.4233,0.04347
